{
  "data" : {
    "id" : "b720ec20-d1e1-49d2-92f5-039ea1af750f",
    "type" : "custom_dashboards",
    "attributes" : {
      "custom_dashboard_id" : "b720ec20-d1e1-49d2-92f5-039ea1af750f",
      "custom_dashboard_name" : "Tabletop Exercice scenario",
      "custom_dashboard_description" : "",
      "custom_dashboard_created_at" : "2025-10-20T19:26:14.293057Z",
      "custom_dashboard_updated_at" : "2025-10-20T19:26:14.293066Z"
    },
    "relationships" : {
      "custom_dashboard_widgets" : {
        "data" : [ {
          "id" : "ea8c75cf-09b0-4bb4-810e-531062e0e2b1",
          "type" : "widgets"
        }, {
          "id" : "2cc37c01-6f98-41ac-b79b-42ea9f54f740",
          "type" : "widgets"
        }, {
          "id" : "1cee9e65-112d-43cd-94c3-976af3a719aa",
          "type" : "widgets"
        }, {
          "id" : "95574444-e84d-4ad7-af53-1a3c3d422cc4",
          "type" : "widgets"
        }, {
          "id" : "9202691d-0a8a-479b-b53a-49321c0a77c1",
          "type" : "widgets"
        }, {
          "id" : "f11330d0-1ec1-40f8-98ad-f2893845ca5e",
          "type" : "widgets"
        }, {
          "id" : "df254d4b-6f72-486f-b4fe-a07c9f515518",
          "type" : "widgets"
        }, {
          "id" : "519af63b-6acd-4c2b-a172-dc9f4098de3b",
          "type" : "widgets"
        }, {
          "id" : "6814f0ec-dbf1-47ab-adb9-01142032c5c0",
          "type" : "widgets"
        }, {
          "id" : "4a45b395-963f-4380-971f-d5b98b198c13",
          "type" : "widgets"
        }, {
          "id" : "a9980c2b-e5cf-4eeb-8e91-30e011e35ff7",
          "type" : "widgets"
        } ]
      },
      "custom_dashboard_parameters" : {
        "data" : [ {
          "id" : "4f9839c7-b6c0-463b-8858-64ef1a167a6e",
          "type" : "custom_dashboards_parameters"
        }, {
          "id" : "a71bbd1d-8a26-4bc8-bc7b-3fab340ea931",
          "type" : "custom_dashboards_parameters"
        }, {
          "id" : "aec5d58b-6589-4e17-99e6-f5cbc47519fc",
          "type" : "custom_dashboards_parameters"
        }, {
          "id" : "e9f47a09-d096-4d90-8c21-207890975af2",
          "type" : "custom_dashboards_parameters"
        } ]
      }
    }
  },
  "included" : [ {
    "id" : "ea8c75cf-09b0-4bb4-810e-531062e0e2b1",
    "type" : "widgets",
    "attributes" : {
      "widget_id" : "ea8c75cf-09b0-4bb4-810e-531062e0e2b1",
      "widget_type" : "donut",
      "widget_config" : {
        "start" : null,
        "end" : null,
        "series" : [ {
          "name" : "",
          "filter" : {
            "mode" : "and",
            "filters" : [ {
              "key" : "base_entity",
              "mode" : "or",
              "values" : [ "expectation-inject" ],
              "operator" : "eq"
            }, {
              "key" : "base_scenario_side",
              "mode" : "or",
              "values" : [ "e91c3ca6-05db-43fe-b6e0-d45bc4feca7e", "a71bbd1d-8a26-4bc8-bc7b-3fab340ea931" ],
              "operator" : "eq"
            } ]
          }
        } ],
        "mode" : "structural",
        "stacked" : false,
        "limit" : 10,
        "field" : "base_team_side",
        "widget_configuration_type" : "structural-histogram",
        "title" : "TEAMS ENGAGED",
        "time_range" : "DEFAULT",
        "date_attribute" : "base_created_at",
        "display_legend" : false
      },
      "widget_layout" : {
        "widget_layout_w" : 4,
        "widget_layout_h" : 6,
        "widget_layout_x" : 8,
        "widget_layout_y" : 0
      },
      "widget_created_at" : "2025-10-20T19:26:14.302585Z",
      "widget_updated_at" : "2025-11-19T10:58:40.372053Z"
    }
  }, {
    "id" : "2cc37c01-6f98-41ac-b79b-42ea9f54f740",
    "type" : "widgets",
    "attributes" : {
      "widget_id" : "2cc37c01-6f98-41ac-b79b-42ea9f54f740",
      "widget_type" : "number",
      "widget_config" : {
        "start" : null,
        "end" : null,
        "series" : [ {
          "name" : "",
          "filter" : {
            "mode" : "and",
            "filters" : [ {
              "key" : "base_entity",
              "mode" : "or",
              "values" : [ "inject" ],
              "operator" : "eq"
            }, {
              "key" : "base_scenario_side",
              "mode" : "or",
              "values" : [ "e91c3ca6-05db-43fe-b6e0-d45bc4feca7e", "a71bbd1d-8a26-4bc8-bc7b-3fab340ea931" ],
              "operator" : "eq"
            } ]
          }
        } ],
        "widget_configuration_type" : "flat",
        "title" : "Injects",
        "time_range" : "DEFAULT",
        "date_attribute" : "base_created_at"
      },
      "widget_layout" : {
        "widget_layout_w" : 2,
        "widget_layout_h" : 2,
        "widget_layout_x" : 2,
        "widget_layout_y" : 2
      },
      "widget_created_at" : "2025-10-20T19:26:14.304601Z",
      "widget_updated_at" : "2025-11-18T14:57:08.168842Z"
    }
  }, {
    "id" : "1cee9e65-112d-43cd-94c3-976af3a719aa",
    "type" : "widgets",
    "attributes" : {
      "widget_id" : "1cee9e65-112d-43cd-94c3-976af3a719aa",
      "widget_type" : "horizontal-barchart",
      "widget_config" : {
        "start" : null,
        "end" : null,
        "series" : [ {
          "name" : "",
          "filter" : {
            "mode" : "and",
            "filters" : [ {
              "key" : "base_entity",
              "mode" : "or",
              "values" : [ "expectation-inject" ],
              "operator" : "eq"
            }, {
              "key" : "base_scenario_side",
              "mode" : "or",
              "values" : [ "e91c3ca6-05db-43fe-b6e0-d45bc4feca7e", "a71bbd1d-8a26-4bc8-bc7b-3fab340ea931" ],
              "operator" : "eq"
            } ]
          }
        } ],
        "mode" : "structural",
        "stacked" : false,
        "limit" : 10,
        "field" : "inject_expectation_type",
        "widget_configuration_type" : "structural-histogram",
        "title" : "Injects Types",
        "time_range" : "DEFAULT",
        "date_attribute" : "base_created_at",
        "display_legend" : false
      },
      "widget_layout" : {
        "widget_layout_w" : 4,
        "widget_layout_h" : 6,
        "widget_layout_x" : 4,
        "widget_layout_y" : 0
      },
      "widget_created_at" : "2025-10-20T19:26:14.303610Z",
      "widget_updated_at" : "2025-11-18T14:57:16.260304Z"
    }
  }, {
    "id" : "95574444-e84d-4ad7-af53-1a3c3d422cc4",
    "type" : "widgets",
    "attributes" : {
      "widget_id" : "95574444-e84d-4ad7-af53-1a3c3d422cc4",
      "widget_type" : "number",
      "widget_config" : {
        "start" : null,
        "end" : null,
        "series" : [ {
          "name" : "Injects failed",
          "filter" : {
            "mode" : "and",
            "filters" : [ {
              "key" : "base_entity",
              "mode" : "or",
              "values" : [ "inject" ],
              "operator" : "eq"
            }, {
              "key" : "inject_status",
              "mode" : "or",
              "values" : [ "SUCCESS" ],
              "operator" : "not_eq"
            }, {
              "key" : "base_scenario_side",
              "mode" : "or",
              "values" : [ "e91c3ca6-05db-43fe-b6e0-d45bc4feca7e", "a71bbd1d-8a26-4bc8-bc7b-3fab340ea931" ],
              "operator" : "eq"
            } ]
          }
        } ],
        "widget_configuration_type" : "flat",
        "title" : "Injects not success",
        "time_range" : "DEFAULT",
        "date_attribute" : "base_created_at"
      },
      "widget_layout" : {
        "widget_layout_w" : 2,
        "widget_layout_h" : 2,
        "widget_layout_x" : 0,
        "widget_layout_y" : 10
      },
      "widget_created_at" : "2025-10-20T19:26:14.307759Z",
      "widget_updated_at" : "2025-11-19T10:57:46.582192Z"
    }
  }, {
    "id" : "9202691d-0a8a-479b-b53a-49321c0a77c1",
    "type" : "widgets",
    "attributes" : {
      "widget_id" : "9202691d-0a8a-479b-b53a-49321c0a77c1",
      "widget_type" : "number",
      "widget_config" : {
        "start" : null,
        "end" : null,
        "series" : [ {
          "name" : "",
          "filter" : {
            "mode" : "and",
            "filters" : [ {
              "key" : "base_entity",
              "mode" : "or",
              "values" : [ "simulation" ],
              "operator" : "eq"
            }, {
              "key" : "inject_expectation_status",
              "mode" : "or",
              "values" : [ ],
              "operator" : "eq"
            }, {
              "key" : "base_scenario_side",
              "mode" : "or",
              "values" : [ "e91c3ca6-05db-43fe-b6e0-d45bc4feca7e", "a71bbd1d-8a26-4bc8-bc7b-3fab340ea931" ],
              "operator" : "eq"
            }, {
              "key" : "status",
              "mode" : "or",
              "values" : [ "FINISHED" ],
              "operator" : "eq"
            } ]
          }
        } ],
        "widget_configuration_type" : "flat",
        "title" : "Simulations Finished",
        "time_range" : "DEFAULT",
        "date_attribute" : "base_created_at"
      },
      "widget_layout" : {
        "widget_layout_w" : 2,
        "widget_layout_h" : 2,
        "widget_layout_x" : 2,
        "widget_layout_y" : 10
      },
      "widget_created_at" : "2025-10-20T19:26:14.311788Z",
      "widget_updated_at" : "2025-11-19T10:57:58.735711Z"
    }
  }, {
    "id" : "f11330d0-1ec1-40f8-98ad-f2893845ca5e",
    "type" : "widgets",
    "attributes" : {
      "widget_id" : "f11330d0-1ec1-40f8-98ad-f2893845ca5e",
      "widget_type" : "line",
      "widget_config" : {
        "start" : null,
        "end" : null,
        "series" : [ {
          "name" : "",
          "filter" : {
            "mode" : "and",
            "filters" : [ {
              "key" : "base_entity",
              "mode" : "or",
              "values" : [ "simulation" ],
              "operator" : "eq"
            }, {
              "key" : "base_scenario_side",
              "mode" : "or",
              "values" : [ "e91c3ca6-05db-43fe-b6e0-d45bc4feca7e", "a71bbd1d-8a26-4bc8-bc7b-3fab340ea931" ],
              "operator" : "eq"
            } ]
          }
        } ],
        "mode" : "temporal",
        "stacked" : false,
        "interval" : "week",
        "widget_configuration_type" : "temporal-histogram",
        "title" : "Simulations over time",
        "time_range" : "DEFAULT",
        "date_attribute" : "base_created_at",
        "display_legend" : false
      },
      "widget_layout" : {
        "widget_layout_w" : 4,
        "widget_layout_h" : 6,
        "widget_layout_x" : 0,
        "widget_layout_y" : 4
      },
      "widget_created_at" : "2025-10-20T19:26:14.306907Z",
      "widget_updated_at" : "2025-11-18T14:57:31.751424Z"
    }
  }, {
    "id" : "df254d4b-6f72-486f-b4fe-a07c9f515518",
    "type" : "widgets",
    "attributes" : {
      "widget_id" : "df254d4b-6f72-486f-b4fe-a07c9f515518",
      "widget_type" : "donut",
      "widget_config" : {
        "start" : null,
        "end" : null,
        "series" : [ {
          "name" : "",
          "filter" : {
            "mode" : "and",
            "filters" : [ {
              "key" : "base_entity",
              "mode" : "or",
              "values" : [ "inject" ],
              "operator" : "eq"
            }, {
              "key" : "base_scenario_side",
              "mode" : "or",
              "values" : [ "e91c3ca6-05db-43fe-b6e0-d45bc4feca7e", "a71bbd1d-8a26-4bc8-bc7b-3fab340ea931" ],
              "operator" : "eq"
            } ]
          }
        } ],
        "mode" : "structural",
        "stacked" : false,
        "limit" : 10,
        "field" : "inject_status",
        "widget_configuration_type" : "structural-histogram",
        "title" : "Injects status",
        "time_range" : "DEFAULT",
        "date_attribute" : "base_created_at",
        "display_legend" : false
      },
      "widget_layout" : {
        "widget_layout_w" : 5,
        "widget_layout_h" : 6,
        "widget_layout_x" : 0,
        "widget_layout_y" : 12
      },
      "widget_created_at" : "2025-10-20T19:26:14.310770Z",
      "widget_updated_at" : "2025-11-18T14:58:00.911049Z"
    }
  }, {
    "id" : "519af63b-6acd-4c2b-a172-dc9f4098de3b",
    "type" : "widgets",
    "attributes" : {
      "widget_id" : "519af63b-6acd-4c2b-a172-dc9f4098de3b",
      "widget_type" : "list",
      "widget_config" : {
        "start" : null,
        "end" : null,
        "series" : [ ],
        "perspective" : {
          "name" : "",
          "filter" : {
            "mode" : "and",
            "filters" : [ {
              "key" : "base_entity",
              "mode" : "or",
              "values" : [ "simulation" ],
              "operator" : "eq"
            }, {
              "key" : "base_scenario_side",
              "mode" : "or",
              "values" : [ "e91c3ca6-05db-43fe-b6e0-d45bc4feca7e", "a71bbd1d-8a26-4bc8-bc7b-3fab340ea931" ],
              "operator" : "eq"
            } ]
          }
        },
        "columns" : [ "name", "base_created_at", "status", "base_tags_side" ],
        "sorts" : [ {
          "fieldName" : "base_created_at",
          "direction" : "DESC"
        } ],
        "limit" : 100,
        "widget_configuration_type" : "list",
        "title" : "Latest simulations",
        "time_range" : "DEFAULT",
        "date_attribute" : "base_created_at"
      },
      "widget_layout" : {
        "widget_layout_w" : 7,
        "widget_layout_h" : 6,
        "widget_layout_x" : 5,
        "widget_layout_y" : 12
      },
      "widget_created_at" : "2025-10-20T19:26:14.308670Z",
      "widget_updated_at" : "2025-11-18T14:58:09.788388Z"
    }
  }, {
    "id" : "6814f0ec-dbf1-47ab-adb9-01142032c5c0",
    "type" : "widgets",
    "attributes" : {
      "widget_id" : "6814f0ec-dbf1-47ab-adb9-01142032c5c0",
      "widget_type" : "donut",
      "widget_config" : {
        "start" : null,
        "end" : null,
        "series" : [ {
          "name" : "Performance overview",
          "filter" : {
            "mode" : "and",
            "filters" : [ {
              "key" : "base_entity",
              "mode" : "or",
              "values" : [ "expectation-inject" ],
              "operator" : "eq"
            }, {
              "key" : "inject_expectation_type",
              "mode" : "or",
              "values" : [ "MANUAL" ],
              "operator" : "eq"
            }, {
              "key" : "base_scenario_side",
              "mode" : "or",
              "values" : [ "e91c3ca6-05db-43fe-b6e0-d45bc4feca7e", "a71bbd1d-8a26-4bc8-bc7b-3fab340ea931" ],
              "operator" : "eq"
            } ]
          }
        } ],
        "mode" : "structural",
        "stacked" : false,
        "limit" : 10,
        "field" : "inject_expectation_status",
        "widget_configuration_type" : "structural-histogram",
        "title" : "Performance overview",
        "time_range" : "DEFAULT",
        "date_attribute" : "base_created_at",
        "display_legend" : false
      },
      "widget_layout" : {
        "widget_layout_w" : 2,
        "widget_layout_h" : 4,
        "widget_layout_x" : 0,
        "widget_layout_y" : 0
      },
      "widget_created_at" : "2025-10-20T19:26:14.301152Z",
      "widget_updated_at" : "2025-11-18T14:56:51.617516Z"
    }
  }, {
    "id" : "4a45b395-963f-4380-971f-d5b98b198c13",
    "type" : "widgets",
    "attributes" : {
      "widget_id" : "4a45b395-963f-4380-971f-d5b98b198c13",
      "widget_type" : "number",
      "widget_config" : {
        "start" : null,
        "end" : null,
        "series" : [ {
          "name" : "",
          "filter" : {
            "mode" : "and",
            "filters" : [ {
              "key" : "base_entity",
              "mode" : "or",
              "values" : [ "simulation" ],
              "operator" : "eq"
            }, {
              "key" : "base_scenario_side",
              "mode" : "or",
              "values" : [ "e91c3ca6-05db-43fe-b6e0-d45bc4feca7e", "a71bbd1d-8a26-4bc8-bc7b-3fab340ea931" ],
              "operator" : "eq"
            } ]
          }
        } ],
        "widget_configuration_type" : "flat",
        "title" : "Simulations",
        "time_range" : "DEFAULT",
        "date_attribute" : "base_created_at"
      },
      "widget_layout" : {
        "widget_layout_w" : 2,
        "widget_layout_h" : 2,
        "widget_layout_x" : 2,
        "widget_layout_y" : 0
      },
      "widget_created_at" : "2025-10-20T19:26:14.309721Z",
      "widget_updated_at" : "2025-11-18T14:56:59.964294Z"
    }
  }, {
    "id" : "a9980c2b-e5cf-4eeb-8e91-30e011e35ff7",
    "type" : "widgets",
    "attributes" : {
      "widget_id" : "a9980c2b-e5cf-4eeb-8e91-30e011e35ff7",
      "widget_type" : "vertical-barchart",
      "widget_config" : {
        "start" : null,
        "end" : null,
        "series" : [ {
          "name" : "Failed",
          "filter" : {
            "mode" : "and",
            "filters" : [ {
              "key" : "base_entity",
              "mode" : "or",
              "values" : [ "expectation-inject" ],
              "operator" : "eq"
            }, {
              "key" : "inject_expectation_status",
              "mode" : "or",
              "values" : [ "FAILED" ],
              "operator" : "eq"
            }, {
              "key" : "base_scenario_side",
              "mode" : "or",
              "values" : [ "e91c3ca6-05db-43fe-b6e0-d45bc4feca7e", "a71bbd1d-8a26-4bc8-bc7b-3fab340ea931" ],
              "operator" : "eq"
            }, {
              "key" : "inject_expectation_type",
              "mode" : "or",
              "values" : [ "DOCUMENT", "ARTICLE", "CHALLENGE", "MANUAL" ],
              "operator" : "eq"
            } ]
          }
        }, {
          "name" : "Success",
          "filter" : {
            "mode" : "and",
            "filters" : [ {
              "key" : "base_entity",
              "mode" : "or",
              "values" : [ "expectation-inject" ],
              "operator" : "eq"
            }, {
              "key" : "inject_expectation_type",
              "mode" : "or",
              "values" : [ "TEXT", "DOCUMENT", "ARTICLE", "CHALLENGE", "MANUAL" ],
              "operator" : "eq"
            }, {
              "key" : "inject_expectation_status",
              "mode" : "or",
              "values" : [ "SUCCESS" ],
              "operator" : "eq"
            }, {
              "key" : "base_scenario_side",
              "mode" : "or",
              "values" : [ "e91c3ca6-05db-43fe-b6e0-d45bc4feca7e", "a71bbd1d-8a26-4bc8-bc7b-3fab340ea931" ],
              "operator" : "eq"
            } ]
          }
        } ],
        "mode" : "structural",
        "stacked" : false,
        "limit" : 100,
        "field" : "base_team_side",
        "widget_configuration_type" : "structural-histogram",
        "title" : "Success/Fails by teams",
        "time_range" : "DEFAULT",
        "date_attribute" : "base_created_at",
        "display_legend" : false
      },
      "widget_layout" : {
        "widget_layout_w" : 8,
        "widget_layout_h" : 6,
        "widget_layout_x" : 4,
        "widget_layout_y" : 6
      },
      "widget_created_at" : "2025-10-20T19:26:14.305727Z",
      "widget_updated_at" : "2025-11-18T14:57:51.663646Z"
    }
  }, {
    "id" : "4f9839c7-b6c0-463b-8858-64ef1a167a6e",
    "type" : "custom_dashboards_parameters",
    "attributes" : {
      "custom_dashboards_parameter_id" : "4f9839c7-b6c0-463b-8858-64ef1a167a6e",
      "custom_dashboards_parameter_name" : "Time range",
      "custom_dashboards_parameter_type" : "timeRange"
    }
  }, {
    "id" : "a71bbd1d-8a26-4bc8-bc7b-3fab340ea931",
    "type" : "custom_dashboards_parameters",
    "attributes" : {
      "custom_dashboards_parameter_id" : "a71bbd1d-8a26-4bc8-bc7b-3fab340ea931",
      "custom_dashboards_parameter_name" : "Scenario",
      "custom_dashboards_parameter_type" : "scenario"
    }
  }, {
    "id" : "aec5d58b-6589-4e17-99e6-f5cbc47519fc",
    "type" : "custom_dashboards_parameters",
    "attributes" : {
      "custom_dashboards_parameter_id" : "aec5d58b-6589-4e17-99e6-f5cbc47519fc",
      "custom_dashboards_parameter_name" : "Start date",
      "custom_dashboards_parameter_type" : "startDate"
    }
  }, {
    "id" : "e9f47a09-d096-4d90-8c21-207890975af2",
    "type" : "custom_dashboards_parameters",
    "attributes" : {
      "custom_dashboards_parameter_id" : "e9f47a09-d096-4d90-8c21-207890975af2",
      "custom_dashboards_parameter_name" : "End date",
      "custom_dashboards_parameter_type" : "endDate"
    }
  } ]
}