{
  "data" : {
    "id" : "6a2b3801-8c3d-43b3-a1b1-6d4941091748",
    "type" : "custom_dashboards",
    "attributes" : {
      "custom_dashboard_id" : "6a2b3801-8c3d-43b3-a1b1-6d4941091748",
      "custom_dashboard_name" : "Technical scenario",
      "custom_dashboard_description" : "",
      "custom_dashboard_created_at" : "2025-11-19T08:44:12.926178Z",
      "custom_dashboard_updated_at" : "2025-11-19T08:49:27.142374Z"
    },
    "relationships" : {
      "custom_dashboard_widgets" : {
        "data" : [ {
          "id" : "e4a59487-1d4f-423e-bf7c-b398c2723f12",
          "type" : "widgets"
        }, {
          "id" : "9ad66e47-b677-44b6-8812-31713e4b09ec",
          "type" : "widgets"
        }, {
          "id" : "d7840bea-3442-4984-937b-0633fda7b925",
          "type" : "widgets"
        }, {
          "id" : "d0e33d36-63b4-45c3-988b-78f36ba54dcd",
          "type" : "widgets"
        }, {
          "id" : "f1ecbfa2-32ca-4e53-9d28-330361ffea4e",
          "type" : "widgets"
        }, {
          "id" : "efbb8ca4-8b7e-4e0e-874b-f8bb82d7d9d5",
          "type" : "widgets"
        }, {
          "id" : "7c4f8149-c66b-4049-97b8-6046eca09ec6",
          "type" : "widgets"
        }, {
          "id" : "c68a4a71-8351-4c85-86b3-ef7e79958039",
          "type" : "widgets"
        }, {
          "id" : "d1129e57-b0d6-4a7e-966f-4da947df01cd",
          "type" : "widgets"
        }, {
          "id" : "38e0e717-3992-4138-a80d-b94b76f73dd8",
          "type" : "widgets"
        }, {
          "id" : "12400694-f38e-43db-95fd-a66c3fbf94dc",
          "type" : "widgets"
        }, {
          "id" : "a547ed82-5450-4f0e-9c9c-42d353e52d92",
          "type" : "widgets"
        }, {
          "id" : "87b6094f-6d82-4363-bc95-d7ec7c9e81bd",
          "type" : "widgets"
        }, {
          "id" : "2d4ad346-07e3-48af-8a8e-1a8fb096e2aa",
          "type" : "widgets"
        }, {
          "id" : "2fada81a-14a4-4c17-a810-3d6a0516eae7",
          "type" : "widgets"
        }, {
          "id" : "bf5751cb-e1c5-4fde-a902-8d85bf17794a",
          "type" : "widgets"
        }, {
          "id" : "6a7a72d8-1b00-46ba-9a2a-7535b3d452be",
          "type" : "widgets"
        }, {
          "id" : "88057a46-ea20-4e45-b9e1-28073ab28c40",
          "type" : "widgets"
        }, {
          "id" : "20f6690b-ce92-42aa-8886-df15d0e1578f",
          "type" : "widgets"
        }, {
          "id" : "0f42fe99-2a54-48df-88f6-6571af235769",
          "type" : "widgets"
        } ]
      },
      "custom_dashboard_parameters" : {
        "data" : [ {
          "id" : "22b86f8f-afa5-4917-a278-137730c59f68",
          "type" : "custom_dashboards_parameters"
        }, {
          "id" : "2c5c2a32-6fe2-4725-8bd0-8bfdec74c6b9",
          "type" : "custom_dashboards_parameters"
        }, {
          "id" : "49313617-cdd7-48c6-a904-73cc21783d4a",
          "type" : "custom_dashboards_parameters"
        }, {
          "id" : "8736e8d0-ad79-4581-b301-3eaf82f01acb",
          "type" : "custom_dashboards_parameters"
        }, {
          "id" : "e698e813-fa72-4a97-9e7f-c2c5b4138c9d",
          "type" : "custom_dashboards_parameters"
        } ]
      }
    }
  },
  "included" : [ {
    "id" : "e4a59487-1d4f-423e-bf7c-b398c2723f12",
    "type" : "widgets",
    "attributes" : {
      "widget_id" : "e4a59487-1d4f-423e-bf7c-b398c2723f12",
      "widget_type" : "number",
      "widget_config" : {
        "start" : null,
        "end" : null,
        "series" : [ {
          "name" : "",
          "filter" : {
            "mode" : "and",
            "filters" : [ {
              "key" : "base_entity",
              "mode" : "or",
              "values" : [ "finding" ],
              "operator" : "eq"
            }, {
              "key" : "base_scenario_side",
              "mode" : "or",
              "values" : [ "22b86f8f-afa5-4917-a278-137730c59f68" ],
              "operator" : "eq"
            }, {
              "key" : "finding_type",
              "mode" : "or",
              "values" : [ "Port", "PortsScan" ],
              "operator" : "eq"
            } ]
          }
        } ],
        "widget_configuration_type" : "flat",
        "title" : "Ports Open",
        "time_range" : "DEFAULT",
        "date_attribute" : "base_created_at"
      },
      "widget_layout" : {
        "widget_layout_w" : 2,
        "widget_layout_h" : 2,
        "widget_layout_x" : 10,
        "widget_layout_y" : 4
      },
      "widget_created_at" : "2025-11-19T08:44:13.001519Z",
      "widget_updated_at" : "2025-11-19T08:44:13.243592Z"
    }
  }, {
    "id" : "9ad66e47-b677-44b6-8812-31713e4b09ec",
    "type" : "widgets",
    "attributes" : {
      "widget_id" : "9ad66e47-b677-44b6-8812-31713e4b09ec",
      "widget_type" : "vertical-barchart",
      "widget_config" : {
        "start" : null,
        "end" : null,
        "series" : [ {
          "name" : "Not Detected",
          "filter" : {
            "mode" : "and",
            "filters" : [ {
              "key" : "base_entity",
              "mode" : "or",
              "values" : [ "expectation-inject" ],
              "operator" : "eq"
            }, {
              "key" : "inject_expectation_status",
              "mode" : "or",
              "values" : [ "FAILED" ],
              "operator" : "eq"
            }, {
              "key" : "inject_expectation_type",
              "mode" : "or",
              "values" : [ "DETECTION" ],
              "operator" : "eq"
            }, {
              "key" : "base_scenario_side",
              "mode" : "or",
              "values" : [ "22b86f8f-afa5-4917-a278-137730c59f68" ],
              "operator" : "eq"
            } ]
          }
        }, {
          "name" : "Not Prevented",
          "filter" : {
            "mode" : "and",
            "filters" : [ {
              "key" : "base_entity",
              "mode" : "or",
              "values" : [ "expectation-inject" ],
              "operator" : "eq"
            }, {
              "key" : "inject_expectation_status",
              "mode" : "or",
              "values" : [ "FAILED" ],
              "operator" : "eq"
            }, {
              "key" : "inject_expectation_type",
              "mode" : "or",
              "values" : [ "PREVENTION" ],
              "operator" : "eq"
            }, {
              "key" : "base_scenario_side",
              "mode" : "or",
              "values" : [ "22b86f8f-afa5-4917-a278-137730c59f68" ],
              "operator" : "eq"
            } ]
          }
        } ],
        "mode" : "temporal",
        "stacked" : false,
        "interval" : "week",
        "widget_configuration_type" : "temporal-histogram",
        "title" : "UNDETECTED/UNPREVENTED INJECTS BY WEEK",
        "time_range" : "DEFAULT",
        "date_attribute" : "base_created_at",
        "display_legend" : false
      },
      "widget_layout" : {
        "widget_layout_w" : 4,
        "widget_layout_h" : 6,
        "widget_layout_x" : 0,
        "widget_layout_y" : 17
      },
      "widget_created_at" : "2025-11-19T08:44:13.014044Z",
      "widget_updated_at" : "2025-11-19T08:44:13.255405Z"
    }
  }, {
    "id" : "d7840bea-3442-4984-937b-0633fda7b925",
    "type" : "widgets",
    "attributes" : {
      "widget_id" : "d7840bea-3442-4984-937b-0633fda7b925",
      "widget_type" : "list",
      "widget_config" : {
        "start" : null,
        "end" : null,
        "series" : [ ],
        "perspective" : {
          "name" : "",
          "filter" : {
            "mode" : "and",
            "filters" : [ {
              "key" : "base_entity",
              "mode" : "or",
              "values" : [ "vulnerable-endpoint" ],
              "operator" : "eq"
            }, {
              "key" : "base_scenario_side",
              "mode" : "or",
              "values" : [ "22b86f8f-afa5-4917-a278-137730c59f68" ],
              "operator" : "eq"
            } ]
          }
        },
        "columns" : [ "vulnerable_endpoint_hostname", "base_created_at", "vulnerable_endpoint_agents_active_status", "vulnerable_endpoint_action", "vulnerable_endpoint_findings_summary" ],
        "sorts" : [ {
          "fieldName" : "base_created_at",
          "direction" : "DESC"
        } ],
        "limit" : 100,
        "widget_configuration_type" : "list",
        "title" : "Vulnerable endpoints",
        "time_range" : "DEFAULT",
        "date_attribute" : "base_created_at"
      },
      "widget_layout" : {
        "widget_layout_w" : 12,
        "widget_layout_h" : 5,
        "widget_layout_x" : 0,
        "widget_layout_y" : 12
      },
      "widget_created_at" : "2025-11-19T08:44:13.026356Z",
      "widget_updated_at" : "2025-11-19T08:44:13.267620Z"
    }
  }, {
    "id" : "d0e33d36-63b4-45c3-988b-78f36ba54dcd",
    "type" : "widgets",
    "attributes" : {
      "widget_id" : "d0e33d36-63b4-45c3-988b-78f36ba54dcd",
      "widget_type" : "donut",
      "widget_config" : {
        "start" : null,
        "end" : null,
        "series" : [ {
          "name" : "",
          "filter" : {
            "mode" : "and",
            "filters" : [ {
              "key" : "base_entity",
              "mode" : "or",
              "values" : [ "vulnerable-endpoint" ],
              "operator" : "eq"
            }, {
              "key" : "base_scenario_side",
              "mode" : "or",
              "values" : [ "22b86f8f-afa5-4917-a278-137730c59f68" ],
              "operator" : "eq"
            } ]
          }
        } ],
        "mode" : "structural",
        "stacked" : false,
        "limit" : 100,
        "field" : "vulnerable_endpoint_action",
        "widget_configuration_type" : "structural-histogram",
        "title" : "Recommended action",
        "time_range" : "DEFAULT",
        "date_attribute" : "base_created_at",
        "display_legend" : false
      },
      "widget_layout" : {
        "widget_layout_w" : 2,
        "widget_layout_h" : 4,
        "widget_layout_x" : 6,
        "widget_layout_y" : 0
      },
      "widget_created_at" : "2025-11-19T08:44:13.038335Z",
      "widget_updated_at" : "2025-11-19T08:44:13.279674Z"
    }
  }, {
    "id" : "f1ecbfa2-32ca-4e53-9d28-330361ffea4e",
    "type" : "widgets",
    "attributes" : {
      "widget_id" : "f1ecbfa2-32ca-4e53-9d28-330361ffea4e",
      "widget_type" : "donut",
      "widget_config" : {
        "start" : null,
        "end" : null,
        "series" : [ {
          "name" : "",
          "filter" : {
            "mode" : "and",
            "filters" : [ {
              "key" : "base_entity",
              "mode" : "or",
              "values" : [ "expectation-inject" ],
              "operator" : "eq"
            }, {
              "key" : "inject_expectation_type",
              "mode" : "or",
              "values" : [ "VULNERABILITY" ],
              "operator" : "eq"
            }, {
              "key" : "base_scenario_side",
              "mode" : "or",
              "values" : [ "22b86f8f-afa5-4917-a278-137730c59f68" ],
              "operator" : "eq"
            } ]
          }
        } ],
        "mode" : "structural",
        "stacked" : false,
        "limit" : 100,
        "field" : "inject_expectation_status",
        "widget_configuration_type" : "structural-histogram",
        "title" : "Vulnerability",
        "time_range" : "DEFAULT",
        "date_attribute" : "base_created_at",
        "display_legend" : false
      },
      "widget_layout" : {
        "widget_layout_w" : 2,
        "widget_layout_h" : 4,
        "widget_layout_x" : 4,
        "widget_layout_y" : 0
      },
      "widget_created_at" : "2025-11-19T08:44:13.050375Z",
      "widget_updated_at" : "2025-11-19T08:44:13.291629Z"
    }
  }, {
    "id" : "efbb8ca4-8b7e-4e0e-874b-f8bb82d7d9d5",
    "type" : "widgets",
    "attributes" : {
      "widget_id" : "efbb8ca4-8b7e-4e0e-874b-f8bb82d7d9d5",
      "widget_type" : "donut",
      "widget_config" : {
        "start" : null,
        "end" : null,
        "series" : [ {
          "name" : "",
          "filter" : {
            "mode" : "and",
            "filters" : [ {
              "key" : "base_entity",
              "mode" : "or",
              "values" : [ "expectation-inject" ],
              "operator" : "eq"
            }, {
              "key" : "inject_expectation_type",
              "mode" : "or",
              "values" : [ "PREVENTION" ],
              "operator" : "eq"
            }, {
              "key" : "base_scenario_side",
              "mode" : "or",
              "values" : [ "22b86f8f-afa5-4917-a278-137730c59f68" ],
              "operator" : "eq"
            } ]
          }
        } ],
        "mode" : "structural",
        "stacked" : false,
        "limit" : 100,
        "field" : "inject_expectation_status",
        "widget_configuration_type" : "structural-histogram",
        "title" : "Prevention",
        "time_range" : "DEFAULT",
        "date_attribute" : "base_created_at",
        "display_legend" : false
      },
      "widget_layout" : {
        "widget_layout_w" : 2,
        "widget_layout_h" : 4,
        "widget_layout_x" : 2,
        "widget_layout_y" : 0
      },
      "widget_created_at" : "2025-11-19T08:44:13.062366Z",
      "widget_updated_at" : "2025-11-19T08:44:13.303455Z"
    }
  }, {
    "id" : "7c4f8149-c66b-4049-97b8-6046eca09ec6",
    "type" : "widgets",
    "attributes" : {
      "widget_id" : "7c4f8149-c66b-4049-97b8-6046eca09ec6",
      "widget_type" : "donut",
      "widget_config" : {
        "start" : null,
        "end" : null,
        "series" : [ {
          "name" : "",
          "filter" : {
            "mode" : "and",
            "filters" : [ {
              "key" : "base_entity",
              "mode" : "or",
              "values" : [ "expectation-inject" ],
              "operator" : "eq"
            }, {
              "key" : "inject_expectation_type",
              "mode" : "or",
              "values" : [ "DETECTION" ],
              "operator" : "eq"
            }, {
              "key" : "base_scenario_side",
              "mode" : "or",
              "values" : [ "22b86f8f-afa5-4917-a278-137730c59f68" ],
              "operator" : "eq"
            } ]
          }
        } ],
        "mode" : "structural",
        "stacked" : false,
        "limit" : 100,
        "field" : "inject_expectation_status",
        "widget_configuration_type" : "structural-histogram",
        "title" : "Detection",
        "time_range" : "DEFAULT",
        "date_attribute" : "base_created_at",
        "display_legend" : false
      },
      "widget_layout" : {
        "widget_layout_w" : 2,
        "widget_layout_h" : 4,
        "widget_layout_x" : 0,
        "widget_layout_y" : 0
      },
      "widget_created_at" : "2025-11-19T08:44:13.074313Z",
      "widget_updated_at" : "2025-11-19T08:44:13.315701Z"
    }
  }, {
    "id" : "c68a4a71-8351-4c85-86b3-ef7e79958039",
    "type" : "widgets",
    "attributes" : {
      "widget_id" : "c68a4a71-8351-4c85-86b3-ef7e79958039",
      "widget_type" : "number",
      "widget_config" : {
        "start" : null,
        "end" : null,
        "series" : [ {
          "name" : "",
          "filter" : {
            "mode" : "and",
            "filters" : [ {
              "key" : "base_entity",
              "mode" : "or",
              "values" : [ "simulation" ],
              "operator" : "eq"
            }, {
              "key" : "base_scenario_side",
              "mode" : "or",
              "values" : [ "22b86f8f-afa5-4917-a278-137730c59f68" ],
              "operator" : "eq"
            } ]
          }
        } ],
        "widget_configuration_type" : "flat",
        "title" : "Simulation",
        "time_range" : "DEFAULT",
        "date_attribute" : "base_created_at"
      },
      "widget_layout" : {
        "widget_layout_w" : 2,
        "widget_layout_h" : 2,
        "widget_layout_x" : 8,
        "widget_layout_y" : 0
      },
      "widget_created_at" : "2025-11-19T08:44:13.086297Z",
      "widget_updated_at" : "2025-11-19T08:44:13.327839Z"
    }
  }, {
    "id" : "d1129e57-b0d6-4a7e-966f-4da947df01cd",
    "type" : "widgets",
    "attributes" : {
      "widget_id" : "d1129e57-b0d6-4a7e-966f-4da947df01cd",
      "widget_type" : "number",
      "widget_config" : {
        "start" : null,
        "end" : null,
        "series" : [ {
          "name" : "CVEsfound",
          "filter" : {
            "mode" : "and",
            "filters" : [ {
              "key" : "base_entity",
              "mode" : "or",
              "values" : [ "finding" ],
              "operator" : "eq"
            }, {
              "key" : "finding_type",
              "mode" : "or",
              "values" : [ "CVE" ],
              "operator" : "eq"
            }, {
              "key" : "base_scenario_side",
              "mode" : "or",
              "values" : [ "22b86f8f-afa5-4917-a278-137730c59f68" ],
              "operator" : "eq"
            } ]
          }
        } ],
        "widget_configuration_type" : "flat",
        "title" : "CVEs Found",
        "time_range" : "DEFAULT",
        "date_attribute" : "base_created_at"
      },
      "widget_layout" : {
        "widget_layout_w" : 2,
        "widget_layout_h" : 2,
        "widget_layout_x" : 10,
        "widget_layout_y" : 2
      },
      "widget_created_at" : "2025-11-19T08:44:13.098462Z",
      "widget_updated_at" : "2025-11-19T08:44:13.339805Z"
    }
  }, {
    "id" : "38e0e717-3992-4138-a80d-b94b76f73dd8",
    "type" : "widgets",
    "attributes" : {
      "widget_id" : "38e0e717-3992-4138-a80d-b94b76f73dd8",
      "widget_type" : "number",
      "widget_config" : {
        "start" : null,
        "end" : null,
        "series" : [ {
          "name" : "",
          "filter" : {
            "mode" : "and",
            "filters" : [ {
              "key" : "base_entity",
              "mode" : "or",
              "values" : [ "inject" ],
              "operator" : "eq"
            }, {
              "key" : "base_scenario_side",
              "mode" : "or",
              "values" : [ "22b86f8f-afa5-4917-a278-137730c59f68" ],
              "operator" : "eq"
            } ]
          }
        } ],
        "widget_configuration_type" : "flat",
        "title" : "Inject",
        "time_range" : "DEFAULT",
        "date_attribute" : "base_created_at"
      },
      "widget_layout" : {
        "widget_layout_w" : 2,
        "widget_layout_h" : 2,
        "widget_layout_x" : 8,
        "widget_layout_y" : 2
      },
      "widget_created_at" : "2025-11-19T08:44:13.110358Z",
      "widget_updated_at" : "2025-11-19T08:44:13.351747Z"
    }
  }, {
    "id" : "12400694-f38e-43db-95fd-a66c3fbf94dc",
    "type" : "widgets",
    "attributes" : {
      "widget_id" : "12400694-f38e-43db-95fd-a66c3fbf94dc",
      "widget_type" : "line",
      "widget_config" : {
        "start" : null,
        "end" : null,
        "series" : [ {
          "name" : "",
          "filter" : {
            "mode" : "and",
            "filters" : [ {
              "key" : "base_entity",
              "mode" : "or",
              "values" : [ "simulation" ],
              "operator" : "eq"
            }, {
              "key" : "base_scenario_side",
              "mode" : "or",
              "values" : [ "22b86f8f-afa5-4917-a278-137730c59f68" ],
              "operator" : "eq"
            } ]
          }
        } ],
        "mode" : "temporal",
        "stacked" : false,
        "interval" : "week",
        "widget_configuration_type" : "temporal-histogram",
        "title" : "Simulation by week",
        "time_range" : "DEFAULT",
        "date_attribute" : "base_created_at",
        "display_legend" : false
      },
      "widget_layout" : {
        "widget_layout_w" : 7,
        "widget_layout_h" : 8,
        "widget_layout_x" : 0,
        "widget_layout_y" : 39
      },
      "widget_created_at" : "2025-11-19T08:44:13.122309Z",
      "widget_updated_at" : "2025-11-19T08:44:13.363768Z"
    }
  }, {
    "id" : "a547ed82-5450-4f0e-9c9c-42d353e52d92",
    "type" : "widgets",
    "attributes" : {
      "widget_id" : "a547ed82-5450-4f0e-9c9c-42d353e52d92",
      "widget_type" : "number",
      "widget_config" : {
        "start" : null,
        "end" : null,
        "series" : [ {
          "name" : "",
          "filter" : {
            "mode" : "and",
            "filters" : [ {
              "key" : "base_entity",
              "mode" : "or",
              "values" : [ "finding" ],
              "operator" : "eq"
            }, {
              "key" : "base_scenario_side",
              "mode" : "or",
              "values" : [ "22b86f8f-afa5-4917-a278-137730c59f68" ],
              "operator" : "eq"
            } ]
          }
        } ],
        "widget_configuration_type" : "flat",
        "title" : "Total number of findings",
        "time_range" : "DEFAULT",
        "date_attribute" : "base_created_at"
      },
      "widget_layout" : {
        "widget_layout_w" : 2,
        "widget_layout_h" : 2,
        "widget_layout_x" : 8,
        "widget_layout_y" : 4
      },
      "widget_created_at" : "2025-11-19T08:44:13.134336Z",
      "widget_updated_at" : "2025-11-19T08:44:13.375659Z"
    }
  }, {
    "id" : "87b6094f-6d82-4363-bc95-d7ec7c9e81bd",
    "type" : "widgets",
    "attributes" : {
      "widget_id" : "87b6094f-6d82-4363-bc95-d7ec7c9e81bd",
      "widget_type" : "list",
      "widget_config" : {
        "start" : null,
        "end" : null,
        "series" : [ ],
        "perspective" : {
          "name" : "",
          "filter" : {
            "mode" : "and",
            "filters" : [ {
              "key" : "base_entity",
              "mode" : "or",
              "values" : [ "simulation" ],
              "operator" : "eq"
            }, {
              "key" : "base_scenario_side",
              "mode" : "or",
              "values" : [ "22b86f8f-afa5-4917-a278-137730c59f68" ],
              "operator" : "eq"
            } ]
          }
        },
        "columns" : [ "name", "base_tags_side", "status", "base_created_at" ],
        "sorts" : [ {
          "fieldName" : "base_created_at",
          "direction" : "DESC"
        } ],
        "limit" : 10,
        "widget_configuration_type" : "list",
        "title" : "Latest simulations",
        "time_range" : "DEFAULT",
        "date_attribute" : "base_created_at"
      },
      "widget_layout" : {
        "widget_layout_w" : 5,
        "widget_layout_h" : 8,
        "widget_layout_x" : 7,
        "widget_layout_y" : 39
      },
      "widget_created_at" : "2025-11-19T08:44:13.146173Z",
      "widget_updated_at" : "2025-11-19T08:44:13.387382Z"
    }
  }, {
    "id" : "2d4ad346-07e3-48af-8a8e-1a8fb096e2aa",
    "type" : "widgets",
    "attributes" : {
      "widget_id" : "2d4ad346-07e3-48af-8a8e-1a8fb096e2aa",
      "widget_type" : "list",
      "widget_config" : {
        "start" : null,
        "end" : null,
        "series" : [ ],
        "perspective" : {
          "name" : "",
          "filter" : {
            "mode" : "and",
            "filters" : [ {
              "key" : "base_entity",
              "mode" : "or",
              "values" : [ "finding" ],
              "operator" : "eq"
            }, {
              "key" : "base_scenario_side",
              "mode" : "or",
              "values" : [ "22b86f8f-afa5-4917-a278-137730c59f68" ],
              "operator" : "eq"
            } ]
          }
        },
        "columns" : [ "finding_value", "base_created_at", "finding_type" ],
        "sorts" : [ {
          "fieldName" : "base_created_at",
          "direction" : "DESC"
        } ],
        "limit" : 100,
        "widget_configuration_type" : "list",
        "title" : "findings",
        "time_range" : "DEFAULT",
        "date_attribute" : "base_created_at"
      },
      "widget_layout" : {
        "widget_layout_w" : 8,
        "widget_layout_h" : 8,
        "widget_layout_x" : 0,
        "widget_layout_y" : 4
      },
      "widget_created_at" : "2025-11-19T08:44:13.158781Z",
      "widget_updated_at" : "2025-11-19T08:44:13.399270Z"
    }
  }, {
    "id" : "2fada81a-14a4-4c17-a810-3d6a0516eae7",
    "type" : "widgets",
    "attributes" : {
      "widget_id" : "2fada81a-14a4-4c17-a810-3d6a0516eae7",
      "widget_type" : "horizontal-barchart",
      "widget_config" : {
        "start" : null,
        "end" : null,
        "series" : [ {
          "name" : "",
          "filter" : {
            "mode" : "and",
            "filters" : [ {
              "key" : "base_entity",
              "mode" : "or",
              "values" : [ "finding" ],
              "operator" : "eq"
            }, {
              "key" : "base_scenario_side",
              "mode" : "or",
              "values" : [ "22b86f8f-afa5-4917-a278-137730c59f68" ],
              "operator" : "eq"
            } ]
          }
        } ],
        "mode" : "structural",
        "stacked" : false,
        "limit" : 100,
        "field" : "finding_type",
        "widget_configuration_type" : "structural-histogram",
        "title" : "Latest findings",
        "time_range" : "DEFAULT",
        "date_attribute" : "base_created_at",
        "display_legend" : false
      },
      "widget_layout" : {
        "widget_layout_w" : 4,
        "widget_layout_h" : 6,
        "widget_layout_x" : 8,
        "widget_layout_y" : 6
      },
      "widget_created_at" : "2025-11-19T08:44:13.170766Z",
      "widget_updated_at" : "2025-11-19T08:44:13.410991Z"
    }
  }, {
    "id" : "bf5751cb-e1c5-4fde-a902-8d85bf17794a",
    "type" : "widgets",
    "attributes" : {
      "widget_id" : "bf5751cb-e1c5-4fde-a902-8d85bf17794a",
      "widget_type" : "horizontal-barchart",
      "widget_config" : {
        "start" : null,
        "end" : null,
        "series" : [ {
          "name" : "Undetected TTPs",
          "filter" : {
            "mode" : "and",
            "filters" : [ {
              "key" : "base_entity",
              "mode" : "or",
              "values" : [ "expectation-inject" ],
              "operator" : "eq"
            }, {
              "key" : "inject_expectation_type",
              "mode" : "or",
              "values" : [ "DETECTION" ],
              "operator" : "eq"
            }, {
              "key" : "inject_expectation_status",
              "mode" : "or",
              "values" : [ "FAILED" ],
              "operator" : "eq"
            }, {
              "key" : "base_scenario_side",
              "mode" : "or",
              "values" : [ "22b86f8f-afa5-4917-a278-137730c59f68" ],
              "operator" : "eq"
            } ]
          }
        }, {
          "name" : "UnpreventedTTPs",
          "filter" : {
            "mode" : "and",
            "filters" : [ {
              "key" : "base_entity",
              "mode" : "or",
              "values" : [ "expectation-inject" ],
              "operator" : "eq"
            }, {
              "key" : "inject_expectation_type",
              "mode" : "or",
              "values" : [ "PREVENTION" ],
              "operator" : "eq"
            }, {
              "key" : "inject_expectation_status",
              "mode" : "or",
              "values" : [ "FAILED" ],
              "operator" : "eq"
            }, {
              "key" : "base_scenario_side",
              "mode" : "or",
              "values" : [ "22b86f8f-afa5-4917-a278-137730c59f68" ],
              "operator" : "eq"
            } ]
          }
        } ],
        "mode" : "structural",
        "stacked" : false,
        "limit" : 10,
        "field" : "base_attack_patterns_side",
        "widget_configuration_type" : "structural-histogram",
        "title" : "MOST UNDETECTED &UNPREVENTED TTPS",
        "time_range" : "DEFAULT",
        "date_attribute" : "base_created_at",
        "display_legend" : false
      },
      "widget_layout" : {
        "widget_layout_w" : 4,
        "widget_layout_h" : 6,
        "widget_layout_x" : 8,
        "widget_layout_y" : 17
      },
      "widget_created_at" : "2025-11-19T08:44:13.182393Z",
      "widget_updated_at" : "2025-11-19T08:44:13.422495Z"
    }
  }, {
    "id" : "6a7a72d8-1b00-46ba-9a2a-7535b3d452be",
    "type" : "widgets",
    "attributes" : {
      "widget_id" : "6a7a72d8-1b00-46ba-9a2a-7535b3d452be",
      "widget_type" : "security-coverage",
      "widget_config" : {
        "start" : null,
        "end" : null,
        "series" : [ {
          "name" : "SUCCESS",
          "filter" : {
            "mode" : "and",
            "filters" : [ {
              "key" : "base_entity",
              "mode" : "and",
              "values" : [ "expectation-inject" ],
              "operator" : "eq"
            }, {
              "key" : "inject_expectation_status",
              "mode" : "and",
              "values" : [ "SUCCESS" ],
              "operator" : "eq"
            }, {
              "key" : "inject_expectation_type",
              "mode" : "and",
              "values" : [ "DETECTION" ],
              "operator" : "eq"
            }, {
              "key" : "base_simulation_side",
              "mode" : "and",
              "values" : [ "49313617-cdd7-48c6-a904-73cc21783d4a" ],
              "operator" : "eq"
            } ]
          }
        }, {
          "name" : "FAILED",
          "filter" : {
            "mode" : "and",
            "filters" : [ {
              "key" : "base_entity",
              "mode" : "and",
              "values" : [ "expectation-inject" ],
              "operator" : "eq"
            }, {
              "key" : "inject_expectation_status",
              "mode" : "and",
              "values" : [ "FAILED" ],
              "operator" : "eq"
            }, {
              "key" : "inject_expectation_type",
              "mode" : "and",
              "values" : [ "DETECTION" ],
              "operator" : "eq"
            }, {
              "key" : "base_simulation_side",
              "mode" : "and",
              "values" : [ "49313617-cdd7-48c6-a904-73cc21783d4a" ],
              "operator" : "eq"
            } ]
          }
        } ],
        "mode" : "structural",
        "stacked" : false,
        "limit" : 100,
        "field" : "base_attack_patterns_side",
        "widget_configuration_type" : "structural-histogram",
        "title" : "LAST DETECTION COVERAGE",
        "time_range" : "DEFAULT",
        "date_attribute" : "base_updated_at",
        "display_legend" : false
      },
      "widget_layout" : {
        "widget_layout_w" : 12,
        "widget_layout_h" : 10,
        "widget_layout_x" : 0,
        "widget_layout_y" : 23
      },
      "widget_created_at" : "2025-11-19T08:44:13.197051Z",
      "widget_updated_at" : "2025-11-19T08:44:13.434284Z"
    }
  }, {
    "id" : "88057a46-ea20-4e45-b9e1-28073ab28c40",
    "type" : "widgets",
    "attributes" : {
      "widget_id" : "88057a46-ea20-4e45-b9e1-28073ab28c40",
      "widget_type" : "horizontal-barchart",
      "widget_config" : {
        "start" : null,
        "end" : null,
        "series" : [ {
          "name" : "Detected TTPs",
          "filter" : {
            "mode" : "and",
            "filters" : [ {
              "key" : "base_entity",
              "mode" : "or",
              "values" : [ "expectation-inject" ],
              "operator" : "eq"
            }, {
              "key" : "inject_expectation_status",
              "mode" : "or",
              "values" : [ "SUCCESS" ],
              "operator" : "eq"
            }, {
              "key" : "inject_expectation_type",
              "mode" : "or",
              "values" : [ "DETECTION" ],
              "operator" : "eq"
            }, {
              "key" : "base_scenario_side",
              "mode" : "or",
              "values" : [ "22b86f8f-afa5-4917-a278-137730c59f68" ],
              "operator" : "eq"
            } ]
          }
        }, {
          "name" : "Prevented TTPs",
          "filter" : {
            "mode" : "and",
            "filters" : [ {
              "key" : "base_entity",
              "mode" : "or",
              "values" : [ "expectation-inject" ],
              "operator" : "eq"
            }, {
              "key" : "inject_expectation_type",
              "mode" : "or",
              "values" : [ "PREVENTION" ],
              "operator" : "eq"
            }, {
              "key" : "inject_expectation_status",
              "mode" : "or",
              "values" : [ "SUCCESS" ],
              "operator" : "eq"
            }, {
              "key" : "base_scenario_side",
              "mode" : "or",
              "values" : [ "22b86f8f-afa5-4917-a278-137730c59f68" ],
              "operator" : "eq"
            } ]
          }
        } ],
        "mode" : "structural",
        "stacked" : false,
        "limit" : 10,
        "field" : "base_attack_patterns_side",
        "widget_configuration_type" : "structural-histogram",
        "title" : "Most Detected & Prevented TTPs",
        "time_range" : "DEFAULT",
        "date_attribute" : "base_created_at",
        "display_legend" : false
      },
      "widget_layout" : {
        "widget_layout_w" : 4,
        "widget_layout_h" : 6,
        "widget_layout_x" : 4,
        "widget_layout_y" : 17
      },
      "widget_created_at" : "2025-11-19T08:44:13.208899Z",
      "widget_updated_at" : "2025-11-19T08:44:13.446449Z"
    }
  }, {
    "id" : "20f6690b-ce92-42aa-8886-df15d0e1578f",
    "type" : "widgets",
    "attributes" : {
      "widget_id" : "20f6690b-ce92-42aa-8886-df15d0e1578f",
      "widget_type" : "vertical-barchart",
      "widget_config" : {
        "start" : null,
        "end" : null,
        "series" : [ {
          "name" : "Not Detected",
          "filter" : {
            "mode" : "and",
            "filters" : [ {
              "key" : "base_entity",
              "mode" : "or",
              "values" : [ "expectation-inject" ],
              "operator" : "eq"
            }, {
              "key" : "inject_expectation_status",
              "mode" : "or",
              "values" : [ "FAILED" ],
              "operator" : "eq"
            }, {
              "key" : "base_scenario_side",
              "mode" : "or",
              "values" : [ "22b86f8f-afa5-4917-a278-137730c59f68" ],
              "operator" : "eq"
            }, {
              "key" : "inject_expectation_type",
              "mode" : "or",
              "values" : [ "DETECTION" ],
              "operator" : "eq"
            } ]
          }
        }, {
          "name" : "Not Prevented",
          "filter" : {
            "mode" : "and",
            "filters" : [ {
              "key" : "base_entity",
              "mode" : "or",
              "values" : [ "expectation-inject" ],
              "operator" : "eq"
            }, {
              "key" : "inject_expectation_type",
              "mode" : "or",
              "values" : [ "PREVENTION" ],
              "operator" : "eq"
            }, {
              "key" : "base_scenario_side",
              "mode" : "or",
              "values" : [ "22b86f8f-afa5-4917-a278-137730c59f68" ],
              "operator" : "eq"
            }, {
              "key" : "inject_expectation_status",
              "mode" : "or",
              "values" : [ "FAILED" ],
              "operator" : "eq"
            } ]
          }
        } ],
        "mode" : "structural",
        "stacked" : false,
        "limit" : 100,
        "field" : "base_security_platforms_side",
        "widget_configuration_type" : "structural-histogram",
        "title" : "Inject undetected & unprevented by security platform",
        "time_range" : "DEFAULT",
        "date_attribute" : "base_created_at",
        "display_legend" : false
      },
      "widget_layout" : {
        "widget_layout_w" : 12,
        "widget_layout_h" : 6,
        "widget_layout_x" : 0,
        "widget_layout_y" : 33
      },
      "widget_created_at" : "2025-11-19T08:44:13.220624Z",
      "widget_updated_at" : "2025-11-19T08:44:13.458298Z"
    }
  }, {
    "id" : "0f42fe99-2a54-48df-88f6-6571af235769",
    "type" : "widgets",
    "attributes" : {
      "widget_id" : "0f42fe99-2a54-48df-88f6-6571af235769",
      "widget_type" : "number",
      "widget_config" : {
        "start" : null,
        "end" : null,
        "series" : [ {
          "name" : "endpoints",
          "filter" : {
            "mode" : "and",
            "filters" : [ {
              "key" : "base_entity",
              "mode" : "or",
              "values" : [ "endpoint" ],
              "operator" : "eq"
            }, {
              "key" : "base_scenario_side",
              "mode" : "or",
              "values" : [ "22b86f8f-afa5-4917-a278-137730c59f68" ],
              "operator" : "contains"
            } ]
          }
        } ],
        "widget_configuration_type" : "flat",
        "title" : "endpoints",
        "time_range" : "DEFAULT",
        "date_attribute" : "base_created_at"
      },
      "widget_layout" : {
        "widget_layout_w" : 2,
        "widget_layout_h" : 2,
        "widget_layout_x" : 10,
        "widget_layout_y" : 0
      },
      "widget_created_at" : "2025-11-19T08:44:13.232155Z",
      "widget_updated_at" : "2025-11-19T08:44:13.470327Z"
    }
  }, {
    "id" : "22b86f8f-afa5-4917-a278-137730c59f68",
    "type" : "custom_dashboards_parameters",
    "attributes" : {
      "custom_dashboards_parameter_id" : "22b86f8f-afa5-4917-a278-137730c59f68",
      "custom_dashboards_parameter_name" : "Scenario",
      "custom_dashboards_parameter_type" : "scenario"
    }
  }, {
    "id" : "2c5c2a32-6fe2-4725-8bd0-8bfdec74c6b9",
    "type" : "custom_dashboards_parameters",
    "attributes" : {
      "custom_dashboards_parameter_id" : "2c5c2a32-6fe2-4725-8bd0-8bfdec74c6b9",
      "custom_dashboards_parameter_name" : "Time range",
      "custom_dashboards_parameter_type" : "timeRange"
    }
  }, {
    "id" : "49313617-cdd7-48c6-a904-73cc21783d4a",
    "type" : "custom_dashboards_parameters",
    "attributes" : {
      "custom_dashboards_parameter_id" : "49313617-cdd7-48c6-a904-73cc21783d4a",
      "custom_dashboards_parameter_name" : "simulation",
      "custom_dashboards_parameter_type" : "simulation"
    }
  }, {
    "id" : "8736e8d0-ad79-4581-b301-3eaf82f01acb",
    "type" : "custom_dashboards_parameters",
    "attributes" : {
      "custom_dashboards_parameter_id" : "8736e8d0-ad79-4581-b301-3eaf82f01acb",
      "custom_dashboards_parameter_name" : "Start date",
      "custom_dashboards_parameter_type" : "startDate"
    }
  }, {
    "id" : "e698e813-fa72-4a97-9e7f-c2c5b4138c9d",
    "type" : "custom_dashboards_parameters",
    "attributes" : {
      "custom_dashboards_parameter_id" : "e698e813-fa72-4a97-9e7f-c2c5b4138c9d",
      "custom_dashboards_parameter_name" : "End date",
      "custom_dashboards_parameter_type" : "endDate"
    }
  } ]
}