{
  "data" : {
    "id" : "8a1db60d-0aca-4479-a090-e693c511a62f",
    "type" : "custom_dashboards",
    "attributes" : {
      "custom_dashboard_id" : "8a1db60d-0aca-4479-a090-e693c511a62f",
      "custom_dashboard_name" : "Tabletop Exercice simulation",
      "custom_dashboard_description" : "",
      "custom_dashboard_created_at" : "2025-10-20T19:26:14.221456Z",
      "custom_dashboard_updated_at" : "2025-10-20T19:26:14.221467Z"
    },
    "relationships" : {
      "custom_dashboard_widgets" : {
        "data" : [ {
          "id" : "ca9384c7-a516-4b39-a2f5-e6263d995b4a",
          "type" : "widgets"
        }, {
          "id" : "da4e27ee-4126-44ef-8ac4-8752b3fb7440",
          "type" : "widgets"
        }, {
          "id" : "7d541e2c-8a20-47e8-a2df-d71b9552c40b",
          "type" : "widgets"
        }, {
          "id" : "c7d1b717-3c68-48f9-bcd9-dc8122af0df5",
          "type" : "widgets"
        }, {
          "id" : "96abc29c-c8e6-4492-a53f-2db23c43c95a",
          "type" : "widgets"
        }, {
          "id" : "34ef1eff-08e1-4d93-addc-9de602121c47",
          "type" : "widgets"
        }, {
          "id" : "18ce660c-09b2-44d4-a1cf-131f536ec80b",
          "type" : "widgets"
        }, {
          "id" : "64ff4834-599b-4f43-8add-72164da42564",
          "type" : "widgets"
        }, {
          "id" : "f77a156b-a065-4030-a49e-2ae20cbb0643",
          "type" : "widgets"
        } ]
      },
      "custom_dashboard_parameters" : {
        "data" : [ {
          "id" : "4b60db23-38b0-45fc-b083-0c9dfc76fd42",
          "type" : "custom_dashboards_parameters"
        }, {
          "id" : "acb935b3-3fbb-4188-b5fc-1b690ca0b2e2",
          "type" : "custom_dashboards_parameters"
        }, {
          "id" : "b133dbee-7069-4b93-9add-f7024e8b04ac",
          "type" : "custom_dashboards_parameters"
        }, {
          "id" : "d42331f1-df8a-4ecb-85bd-9077ae43d80c",
          "type" : "custom_dashboards_parameters"
        } ]
      }
    }
  },
  "included" : [ {
    "id" : "ca9384c7-a516-4b39-a2f5-e6263d995b4a",
    "type" : "widgets",
    "attributes" : {
      "widget_id" : "ca9384c7-a516-4b39-a2f5-e6263d995b4a",
      "widget_type" : "donut",
      "widget_config" : {
        "start" : null,
        "end" : null,
        "series" : [ {
          "name" : "Performance overview",
          "filter" : {
            "mode" : "and",
            "filters" : [ {
              "key" : "base_entity",
              "mode" : "or",
              "values" : [ "expectation-inject" ],
              "operator" : "eq"
            }, {
              "key" : "inject_expectation_type",
              "mode" : "or",
              "values" : [ "MANUAL" ],
              "operator" : "eq"
            }, {
              "key" : "base_simulation_side",
              "mode" : "or",
              "values" : [ "44599471-8b0f-4e1a-8916-b766fb57b6a2", "d42331f1-df8a-4ecb-85bd-9077ae43d80c" ],
              "operator" : "eq"
            } ]
          }
        } ],
        "mode" : "structural",
        "stacked" : false,
        "limit" : 10,
        "field" : "inject_expectation_status",
        "widget_configuration_type" : "structural-histogram",
        "title" : "Performance overview",
        "time_range" : "DEFAULT",
        "date_attribute" : "base_created_at",
        "display_legend" : false
      },
      "widget_layout" : {
        "widget_layout_w" : 2,
        "widget_layout_h" : 4,
        "widget_layout_x" : 0,
        "widget_layout_y" : 0
      },
      "widget_created_at" : "2025-10-20T19:26:14.241949Z",
      "widget_updated_at" : "2025-11-18T14:59:33.235843Z"
    }
  }, {
    "id" : "da4e27ee-4126-44ef-8ac4-8752b3fb7440",
    "type" : "widgets",
    "attributes" : {
      "widget_id" : "da4e27ee-4126-44ef-8ac4-8752b3fb7440",
      "widget_type" : "number",
      "widget_config" : {
        "start" : null,
        "end" : null,
        "series" : [ {
          "name" : "",
          "filter" : {
            "mode" : "and",
            "filters" : [ {
              "key" : "base_entity",
              "mode" : "or",
              "values" : [ "inject" ],
              "operator" : "eq"
            }, {
              "key" : "inject_status",
              "mode" : "or",
              "values" : [ "SUCCESS" ],
              "operator" : "not_eq"
            }, {
              "key" : "base_simulation_side",
              "mode" : "or",
              "values" : [ "44599471-8b0f-4e1a-8916-b766fb57b6a2", "d42331f1-df8a-4ecb-85bd-9077ae43d80c" ],
              "operator" : "eq"
            } ]
          }
        } ],
        "widget_configuration_type" : "flat",
        "title" : "Injects not success",
        "time_range" : "DEFAULT",
        "date_attribute" : "base_created_at"
      },
      "widget_layout" : {
        "widget_layout_w" : 2,
        "widget_layout_h" : 2,
        "widget_layout_x" : 2,
        "widget_layout_y" : 2
      },
      "widget_created_at" : "2025-10-20T19:26:14.260769Z",
      "widget_updated_at" : "2025-11-18T14:59:46.447673Z"
    }
  }, {
    "id" : "7d541e2c-8a20-47e8-a2df-d71b9552c40b",
    "type" : "widgets",
    "attributes" : {
      "widget_id" : "7d541e2c-8a20-47e8-a2df-d71b9552c40b",
      "widget_type" : "donut",
      "widget_config" : {
        "start" : null,
        "end" : null,
        "series" : [ {
          "name" : "",
          "filter" : {
            "mode" : "and",
            "filters" : [ {
              "key" : "base_entity",
              "mode" : "or",
              "values" : [ "inject" ],
              "operator" : "eq"
            }, {
              "key" : "base_simulation_side",
              "mode" : "or",
              "values" : [ "44599471-8b0f-4e1a-8916-b766fb57b6a2", "d42331f1-df8a-4ecb-85bd-9077ae43d80c" ],
              "operator" : "eq"
            } ]
          }
        } ],
        "mode" : "structural",
        "stacked" : false,
        "limit" : 10,
        "field" : "inject_status",
        "widget_configuration_type" : "structural-histogram",
        "title" : "Injects status",
        "time_range" : "DEFAULT",
        "date_attribute" : "base_created_at",
        "display_legend" : false
      },
      "widget_layout" : {
        "widget_layout_w" : 5,
        "widget_layout_h" : 6,
        "widget_layout_x" : 0,
        "widget_layout_y" : 12
      },
      "widget_created_at" : "2025-10-20T19:26:14.249374Z",
      "widget_updated_at" : "2025-11-18T15:00:34.918077Z"
    }
  }, {
    "id" : "c7d1b717-3c68-48f9-bcd9-dc8122af0df5",
    "type" : "widgets",
    "attributes" : {
      "widget_id" : "c7d1b717-3c68-48f9-bcd9-dc8122af0df5",
      "widget_type" : "number",
      "widget_config" : {
        "start" : null,
        "end" : null,
        "series" : [ {
          "name" : "",
          "filter" : {
            "mode" : "and",
            "filters" : [ {
              "key" : "base_entity",
              "mode" : "or",
              "values" : [ "inject" ],
              "operator" : "eq"
            }, {
              "key" : "base_simulation_side",
              "mode" : "or",
              "values" : [ "44599471-8b0f-4e1a-8916-b766fb57b6a2", "d42331f1-df8a-4ecb-85bd-9077ae43d80c" ],
              "operator" : "eq"
            } ]
          }
        } ],
        "widget_configuration_type" : "flat",
        "title" : "Injects",
        "time_range" : "DEFAULT",
        "date_attribute" : "base_created_at"
      },
      "widget_layout" : {
        "widget_layout_w" : 2,
        "widget_layout_h" : 2,
        "widget_layout_x" : 2,
        "widget_layout_y" : 0
      },
      "widget_created_at" : "2025-10-20T19:26:14.254895Z",
      "widget_updated_at" : "2025-11-18T14:59:39.043498Z"
    }
  }, {
    "id" : "96abc29c-c8e6-4492-a53f-2db23c43c95a",
    "type" : "widgets",
    "attributes" : {
      "widget_id" : "96abc29c-c8e6-4492-a53f-2db23c43c95a",
      "widget_type" : "donut",
      "widget_config" : {
        "start" : null,
        "end" : null,
        "series" : [ {
          "name" : "",
          "filter" : {
            "mode" : "and",
            "filters" : [ {
              "key" : "base_entity",
              "mode" : "or",
              "values" : [ "expectation-inject" ],
              "operator" : "eq"
            }, {
              "key" : "base_simulation_side",
              "mode" : "or",
              "values" : [ "44599471-8b0f-4e1a-8916-b766fb57b6a2", "d42331f1-df8a-4ecb-85bd-9077ae43d80c" ],
              "operator" : "eq"
            } ]
          }
        } ],
        "mode" : "structural",
        "stacked" : false,
        "limit" : 10,
        "field" : "base_team_side",
        "widget_configuration_type" : "structural-histogram",
        "title" : "TEAMS ENGAGED",
        "time_range" : "DEFAULT",
        "date_attribute" : "base_created_at",
        "display_legend" : false
      },
      "widget_layout" : {
        "widget_layout_w" : 4,
        "widget_layout_h" : 6,
        "widget_layout_x" : 8,
        "widget_layout_y" : 0
      },
      "widget_created_at" : "2025-10-20T19:26:14.247236Z",
      "widget_updated_at" : "2025-11-18T14:59:58.054203Z"
    }
  }, {
    "id" : "34ef1eff-08e1-4d93-addc-9de602121c47",
    "type" : "widgets",
    "attributes" : {
      "widget_id" : "34ef1eff-08e1-4d93-addc-9de602121c47",
      "widget_type" : "horizontal-barchart",
      "widget_config" : {
        "start" : null,
        "end" : null,
        "series" : [ {
          "name" : "",
          "filter" : {
            "mode" : "and",
            "filters" : [ {
              "key" : "base_entity",
              "mode" : "or",
              "values" : [ "expectation-inject" ],
              "operator" : "eq"
            }, {
              "key" : "base_simulation_side",
              "mode" : "or",
              "values" : [ "44599471-8b0f-4e1a-8916-b766fb57b6a2", "d42331f1-df8a-4ecb-85bd-9077ae43d80c" ],
              "operator" : "eq"
            } ]
          }
        } ],
        "mode" : "structural",
        "stacked" : false,
        "limit" : 10,
        "field" : "inject_expectation_type",
        "widget_configuration_type" : "structural-histogram",
        "title" : "Injects Types",
        "time_range" : "DEFAULT",
        "date_attribute" : "base_created_at",
        "display_legend" : false
      },
      "widget_layout" : {
        "widget_layout_w" : 4,
        "widget_layout_h" : 6,
        "widget_layout_x" : 4,
        "widget_layout_y" : 0
      },
      "widget_created_at" : "2025-10-20T19:26:14.252050Z",
      "widget_updated_at" : "2025-11-18T15:00:05.033420Z"
    }
  }, {
    "id" : "18ce660c-09b2-44d4-a1cf-131f536ec80b",
    "type" : "widgets",
    "attributes" : {
      "widget_id" : "18ce660c-09b2-44d4-a1cf-131f536ec80b",
      "widget_type" : "line",
      "widget_config" : {
        "start" : null,
        "end" : null,
        "series" : [ {
          "name" : "",
          "filter" : {
            "mode" : "and",
            "filters" : [ {
              "key" : "base_entity",
              "mode" : "or",
              "values" : [ "inject" ],
              "operator" : "eq"
            }, {
              "key" : "base_simulation_side",
              "mode" : "or",
              "values" : [ "44599471-8b0f-4e1a-8916-b766fb57b6a2", "d42331f1-df8a-4ecb-85bd-9077ae43d80c" ],
              "operator" : "eq"
            } ]
          }
        } ],
        "mode" : "temporal",
        "stacked" : false,
        "interval" : "week",
        "widget_configuration_type" : "temporal-histogram",
        "title" : "Injects over time",
        "time_range" : "DEFAULT",
        "date_attribute" : "base_created_at",
        "display_legend" : false
      },
      "widget_layout" : {
        "widget_layout_w" : 4,
        "widget_layout_h" : 8,
        "widget_layout_x" : 0,
        "widget_layout_y" : 4
      },
      "widget_created_at" : "2025-10-20T19:26:14.258941Z",
      "widget_updated_at" : "2025-11-18T15:00:14.989489Z"
    }
  }, {
    "id" : "64ff4834-599b-4f43-8add-72164da42564",
    "type" : "widgets",
    "attributes" : {
      "widget_id" : "64ff4834-599b-4f43-8add-72164da42564",
      "widget_type" : "vertical-barchart",
      "widget_config" : {
        "start" : null,
        "end" : null,
        "series" : [ {
          "name" : "Failed",
          "filter" : {
            "mode" : "and",
            "filters" : [ {
              "key" : "base_entity",
              "mode" : "or",
              "values" : [ "expectation-inject" ],
              "operator" : "eq"
            }, {
              "key" : "inject_expectation_status",
              "mode" : "or",
              "values" : [ "FAILED" ],
              "operator" : "eq"
            }, {
              "key" : "inject_expectation_type",
              "mode" : "or",
              "values" : [ "DOCUMENT", "ARTICLE", "CHALLENGE", "MANUAL" ],
              "operator" : "eq"
            }, {
              "key" : "base_simulation_side",
              "mode" : "or",
              "values" : [ "44599471-8b0f-4e1a-8916-b766fb57b6a2", "d42331f1-df8a-4ecb-85bd-9077ae43d80c" ],
              "operator" : "eq"
            } ]
          }
        }, {
          "name" : "Success",
          "filter" : {
            "mode" : "and",
            "filters" : [ {
              "key" : "base_entity",
              "mode" : "or",
              "values" : [ "expectation-inject" ],
              "operator" : "eq"
            }, {
              "key" : "inject_expectation_type",
              "mode" : "or",
              "values" : [ "TEXT", "DOCUMENT", "ARTICLE", "CHALLENGE", "MANUAL" ],
              "operator" : "eq"
            }, {
              "key" : "inject_expectation_status",
              "mode" : "or",
              "values" : [ "SUCCESS" ],
              "operator" : "eq"
            }, {
              "key" : "base_simulation_side",
              "mode" : "or",
              "values" : [ "44599471-8b0f-4e1a-8916-b766fb57b6a2", "d42331f1-df8a-4ecb-85bd-9077ae43d80c" ],
              "operator" : "eq"
            } ]
          }
        } ],
        "mode" : "structural",
        "stacked" : false,
        "limit" : 100,
        "field" : "base_team_side",
        "widget_configuration_type" : "structural-histogram",
        "title" : "Success/Fails by teams",
        "time_range" : "DEFAULT",
        "date_attribute" : "base_created_at",
        "display_legend" : false
      },
      "widget_layout" : {
        "widget_layout_w" : 8,
        "widget_layout_h" : 6,
        "widget_layout_x" : 4,
        "widget_layout_y" : 6
      },
      "widget_created_at" : "2025-10-20T19:26:14.256713Z",
      "widget_updated_at" : "2025-11-18T15:00:28.287932Z"
    }
  }, {
    "id" : "f77a156b-a065-4030-a49e-2ae20cbb0643",
    "type" : "widgets",
    "attributes" : {
      "widget_id" : "f77a156b-a065-4030-a49e-2ae20cbb0643",
      "widget_type" : "list",
      "widget_config" : {
        "start" : null,
        "end" : null,
        "series" : [ ],
        "perspective" : {
          "name" : "",
          "filter" : {
            "mode" : "and",
            "filters" : [ {
              "key" : "base_entity",
              "mode" : "or",
              "values" : [ "expectation-inject" ],
              "operator" : "eq"
            }, {
              "key" : "base_simulation_side",
              "mode" : "or",
              "values" : [ "44599471-8b0f-4e1a-8916-b766fb57b6a2", "d42331f1-df8a-4ecb-85bd-9077ae43d80c" ],
              "operator" : "eq"
            } ]
          }
        },
        "columns" : [ "inject_expectation_type", "inject_expectation_status", "base_created_at", "inject_expectation_expected_score", "inject_expectation_score" ],
        "sorts" : [ {
          "fieldName" : "base_created_at",
          "direction" : "DESC"
        } ],
        "limit" : 100,
        "widget_configuration_type" : "list",
        "title" : "Latest injects",
        "time_range" : "DEFAULT",
        "date_attribute" : "base_updated_at"
      },
      "widget_layout" : {
        "widget_layout_w" : 7,
        "widget_layout_h" : 6,
        "widget_layout_x" : 5,
        "widget_layout_y" : 12
      },
      "widget_created_at" : "2025-10-20T19:26:14.262692Z",
      "widget_updated_at" : "2025-11-18T15:00:44.591199Z"
    }
  }, {
    "id" : "4b60db23-38b0-45fc-b083-0c9dfc76fd42",
    "type" : "custom_dashboards_parameters",
    "attributes" : {
      "custom_dashboards_parameter_id" : "4b60db23-38b0-45fc-b083-0c9dfc76fd42",
      "custom_dashboards_parameter_name" : "End date",
      "custom_dashboards_parameter_type" : "endDate"
    }
  }, {
    "id" : "acb935b3-3fbb-4188-b5fc-1b690ca0b2e2",
    "type" : "custom_dashboards_parameters",
    "attributes" : {
      "custom_dashboards_parameter_id" : "acb935b3-3fbb-4188-b5fc-1b690ca0b2e2",
      "custom_dashboards_parameter_name" : "Start date",
      "custom_dashboards_parameter_type" : "startDate"
    }
  }, {
    "id" : "b133dbee-7069-4b93-9add-f7024e8b04ac",
    "type" : "custom_dashboards_parameters",
    "attributes" : {
      "custom_dashboards_parameter_id" : "b133dbee-7069-4b93-9add-f7024e8b04ac",
      "custom_dashboards_parameter_name" : "Time range",
      "custom_dashboards_parameter_type" : "timeRange"
    }
  }, {
    "id" : "d42331f1-df8a-4ecb-85bd-9077ae43d80c",
    "type" : "custom_dashboards_parameters",
    "attributes" : {
      "custom_dashboards_parameter_id" : "d42331f1-df8a-4ecb-85bd-9077ae43d80c",
      "custom_dashboards_parameter_name" : "simulation",
      "custom_dashboards_parameter_type" : "simulation"
    }
  } ]
}